handle;titre;type;format;saveur;texture;occasions;ingredients;allergenes;traces;conservation_jours;conservation_conseil;collection_principale;produits_lies
sable-dune;Sablé Dune au beurre et fleur de sel;Sablé;Sachet;Beurre & fleur de sel;Fondant;Goûter|Souvenir|Pique-nique;farine de blé, beurre demi-sel 30 % (lait), sucre, jaune d'œuf, fleur de sel 0,8 %;Gluten|Lait|Œufs;Fruits à coque;60;À conserver au sec, à l'abri de la chaleur, dans son sachet refermé.;biscuits;galette-maree|boite-grande-plage|coffret-decouverte
galette-maree;Galette Marée épaisse au caramel beurre salé;Galette;Sachet;Caramel;Épais;Goûter|Souvenir;farine de blé, beurre demi-sel (lait), sucre, œufs, caramel 12 % (sucre, crème (lait), beurre (lait), sel), poudre à lever;Gluten|Lait|Œufs;Fruits à coque;45;À conserver au sec, à l'abri de la chaleur, dans son sachet refermé.;biscuits;sable-dune|biscuit-vague|boite-grande-plage
sable-pignada;Sablé Pignada aux pignons de pin et miel;Sablé;Sachet;Amandes & pignons;Fondant;Goûter|Cadeau;farine de blé, beurre (lait), sucre, pignons de pin 10 %, œufs, miel 5 %;Gluten|Lait|Œufs;Fruits à coque;45;À conserver au sec, à l'abri de la chaleur, dans son sachet refermé.;biscuits;croquant-lagune|coffret-ete-indien
croquant-lagune;Croquant Lagune aux amandes et zestes d'orange;Croquant;Sachet;Amandes & pignons;Croquant;Goûter|Cadeau;farine de blé, sucre, amandes 25 %, blancs d'œufs, beurre (lait), zestes d'orange 2 %;Gluten|Fruits à coque|Œufs|Lait;;90;À conserver au sec, à l'abri de la chaleur, dans son sachet refermé.;biscuits;sable-pignada|coffret-ete-indien
sable-ecume;Sablé Écume au citron et thym;Sablé;Sachet;Agrumes & herbes;Fondant;Goûter|Pique-nique;farine de blé, beurre (lait), sucre, œufs, zestes de citron 2 %, thym 0,3 %;Gluten|Lait|Œufs;Fruits à coque;60;À conserver au sec, à l'abri de la chaleur, dans son sachet refermé.;biscuits;sable-lagon|boite-grande-plage
biscuit-vague;Biscuit Vague au chocolat noir et fleur de sel;Sablé;Sachet;Chocolat;Fondant;Goûter|Souvenir;farine de blé, beurre (lait), sucre, chocolat noir 20 % (pâte de cacao, sucre, beurre de cacao, émulsifiant : lécithine de soja), œufs, fleur de sel;Gluten|Lait|Œufs|Soja;Fruits à coque;60;À conserver au sec, à l'abri de la chaleur, dans son sachet refermé.;biscuits;galette-maree|boite-grande-plage
sable-lagon;Sablé Lagon à la noix de coco et vanille;Sablé;Sachet;Coco & vanille;Fondant;Goûter|Pique-nique;farine de blé, beurre (lait), sucre, noix de coco râpée 12 %, œufs, extrait de vanille;Gluten|Lait|Œufs;Fruits à coque;60;À conserver au sec, à l'abri de la chaleur, dans son sachet refermé.;biscuits;sable-ecume|coffret-decouverte
boite-grande-plage;Boîte Grande Plage, assortiment de 4 recettes;Boîte assortie;Boîte;Assortiment;Mixte;Cadeau|Souvenir|Goûter;assortiment de Sablé Dune, Galette Marée, Sablé Écume et Biscuit Vague (voir ingrédients de chaque recette);Gluten|Lait|Œufs|Soja;Fruits à coque;45;À conserver au sec, à l'abri de la chaleur, boîte fermée.;boites-et-coffrets;coffret-ete-indien|coffret-decouverte|carte-cadeau
coffret-ete-indien;Coffret Été Indien, boîte assortie et deux sachets;Coffret;Coffret;Assortiment;Mixte;Cadeau;Boîte Grande Plage 250 g, Sablé Pignada 150 g, Croquant Lagune 120 g (voir ingrédients de chaque recette);Gluten|Lait|Œufs|Soja|Fruits à coque;;45;À conserver au sec, à l'abri de la chaleur, coffret fermé.;boites-et-coffrets;boite-grande-plage|coffret-decouverte
coffret-decouverte;Coffret Découverte, 6 mini-sachets;Coffret;Coffret;Assortiment;Mixte;Cadeau|Souvenir;6 mini-sachets de 50 g : Sablé Dune, Galette Marée, Sablé Pignada, Croquant Lagune, Sablé Écume, Biscuit Vague (voir ingrédients de chaque recette);Gluten|Lait|Œufs|Soja|Fruits à coque;;45;À conserver au sec, à l'abri de la chaleur, coffret fermé.;boites-et-coffrets;coffret-ete-indien|boite-grande-plage
carte-cadeau;Carte cadeau Maison Sable;Carte cadeau;Carte cadeau;;;Cadeau;;;;;;cartes-cadeaux;coffret-decouverte|coffret-ete-indien
