url;title;meta_description;h1
/;Maison Sable, biscuits artisanaux de bord de mer à Hossegor;Sablés, palets et coffrets de biscuits artisanaux pur beurre, faits en petites séries à Hossegor. Livraison partout en France ou retrait à l'atelier.;Biscuits artisanaux de bord de mer, faits à Hossegor
/collections/biscuits;Sablés et biscuits artisanaux pur beurre | Maison Sable;Sept recettes pur beurre de la côte landaise : fleur de sel, caramel beurre salé, chocolat noir, citron-thym. Sachets de 120 à 300 g, dès 6,90 €.;Nos biscuits artisanaux
/collections/coffrets-cadeaux;Coffrets de biscuits artisanaux à offrir | Maison Sable;Coffrets et boîtes de biscuits artisanaux d'Hossegor, de 15,90 à 34 €, avec message cadeau et livraison partout en France. Carte cadeau dès 20 €.;Coffrets & cadeaux gourmands
/products/sable-dune;Sablés au beurre et fleur de sel, Sablé Dune | Maison Sable;Le Sablé Dune : un sablé fondant au beurre demi-sel (30 %) relevé de fleur de sel, fait main à Hossegor. Sachet de 150 g ou 300 g, dès 6,90 €.;Sablé Dune au beurre et fleur de sel
/products/palet-maree;Palets au caramel beurre salé, Palet Marée | Maison Sable;Le Palet Marée : un palet épais au beurre demi-sel et au caramel maison (12 %), fondant à cœur. Fait à Hossegor, sachet de 150 g ou 300 g, dès 7,50 €.;Palet Marée au caramel beurre salé
/products/sable-pignada;Sablés aux pignons de pin et miel, Pignada | Maison Sable;Le Sablé Pignada, inspiré de la forêt de pins landaise : sablé pur beurre aux pignons de pin (10 %) et au miel. Sachet de 150 g ou 300 g, dès 8,50 €.;Sablé Pignada aux pignons de pin et miel
/products/croquant-lagune;Croquants aux amandes et à l'orange, Lagune | Maison Sable;Le Croquant Lagune : un biscuit sec et croquant aux amandes (25 %) et aux zestes d'orange, fait à Hossegor. Sachet de 120 g à 8,90 €, parfait à offrir.;Croquant Lagune aux amandes et zestes d'orange
/products/sable-ecume;Sablés au citron et au thym, Sablé Écume | Maison Sable;Le Sablé Écume : un sablé pur beurre frais et parfumé, aux zestes de citron et au thym, idéal pour le goûter à la plage. Sachet de 150 g ou 300 g, dès 7,20 €.;Sablé Écume au citron et thym
/products/biscuit-vague;Biscuits chocolat noir et fleur de sel, Vague | Maison Sable;Le Biscuit Vague : un sablé pur beurre au chocolat noir (20 %) et à la fleur de sel, fondant et intense. Fait à Hossegor, sachet de 150 g ou 300 g, dès 7,90 €.;Biscuit Vague au chocolat noir et fleur de sel
/products/sable-lagon;Sablés à la noix de coco et vanille, Lagon | Maison Sable;Le Sablé Lagon : un sablé pur beurre à la noix de coco râpée (12 %) et à la vanille, doux comme un goûter d'été. Fait à Hossegor, sachet de 150 g à 7,50 €.;Sablé Lagon à la noix de coco et vanille
/products/boite-grande-plage;Boîte de biscuits assortis Grande Plage | Maison Sable;La Boîte Grande Plage réunit 4 recettes Maison Sable : Dune, Marée, Écume et Vague. Boîte de 250 g ou 500 g, dès 15,90 €, avec message cadeau possible.;Boîte Grande Plage, assortiment de 4 recettes
/products/coffret-ete-indien;Coffret de biscuits artisanaux Été Indien | Maison Sable;Le Coffret Été Indien : la Boîte Grande Plage, un sachet de Sablés Pignada et un de Croquants Lagune. 34 €, message cadeau et livraison partout en France.;Coffret Été Indien
/products/coffret-decouverte;Coffret découverte de 6 biscuits artisanaux | Maison Sable;Le Coffret Découverte : 6 mini-sachets de 50 g pour goûter six recettes Maison Sable, du sablé fleur de sel au croquant aux amandes. 24,90 €, prêt à offrir.;Coffret Découverte, 6 mini-sachets
/products/carte-cadeau;Carte cadeau gourmande de 20 à 60 € | Maison Sable;Offrez la carte cadeau Maison Sable de 20, 40 ou 60 € : envoyée par e-mail, elle laisse choisir parmi nos biscuits artisanaux, boîtes et coffrets d'Hossegor.;Carte cadeau Maison Sable
/pages/atelier-hossegor;Notre atelier de biscuits à Hossegor (Landes) | Maison Sable;À Hossegor, entre le lac marin et l'océan, l'atelier Maison Sable fabrique ses sablés en petites séries. Retrait gratuit des commandes sur place.;L'atelier Maison Sable à Hossegor
/pages/faq;FAQ : conservation des sablés, livraison | Maison Sable;Conservation des sablés, emballage, délais de livraison, allergènes, message cadeau, retrait à Hossegor : toutes les réponses sur les biscuits Maison Sable.;Questions fréquentes
/blogs/journal;Le journal de la biscuiterie Maison Sable | Maison Sable;Le journal de Maison Sable : recettes, savoir-faire et histoires de biscuits de la côte landaise, racontés depuis notre petit atelier d'Hossegor.;Le journal
/blogs/journal/sable-galette-palet-difference;Sablé, galette ou palet : quelle différence ? | Maison Sable;Un sablé est friable, une galette est fine et croquante, un palet est épais et fondant. Épaisseur, levure, texture : les différences expliquées simplement.;Sablé, galette ou palet : quelles différences ?
/pages/contact;Contact et retrait à l'atelier d'Hossegor | Maison Sable;Une question sur une commande, un coffret ou le retrait à l'atelier d'Hossegor ? Écrivez à Maison Sable, l'équipe répond sous 48 heures ouvrées.;Nous contacter
/pages/etude-de-cas;Maison Sable, étude de cas e-commerce | Mokom Studio;Maison Sable est une biscuiterie fictive imaginée par Mokom Studio pour montrer la conception d'une boutique Shopify : cadrage, SEO, UX, design et performance.;Maison Sable, une étude de cas Mokom Studio
